{
    "mtx": [
        [
            1212.962673133643,
            0.0,
            1003.8102868443282
        ],
        [
            0.0,
            1219.170248752207,
            622.497861337678
        ],
        [
            0.0,
            0.0,
            1.0
        ]
    ],
    "dist": [
        [
            -6.802498278157662
        ],
        [
            11.318576563316842
        ],
        [
            0.0004403145203063397
        ],
        [
            -0.001386022638697921
        ],
        [
            2.1510669106016875
        ],
        [
            -6.461294172205981
        ],
        [
            8.937699384504114
        ],
        [
            6.424960375048867
        ],
        [
            0.0
        ],
        [
            0.0
        ],
        [
            0.0
        ],
        [
            0.0
        ],
        [
            0.0
        ],
        [
            0.0
        ]
    ],
    "newcam_mtx": [
        [
            807.6209645398686,
            0.0,
            1019.5339514847029
        ],
        [
            0.0,
            805.1185376530212,
            630.5259505083983
        ],
        [
            0.0,
            0.0,
            1.0
        ]
    ]
}