{
    "mtx": [
        [
            1207.2226039875327,
            0.0,
            1015.6955713685035
        ],
        [
            0.0,
            1213.150671577947,
            611.58467170784
        ],
        [
            0.0,
            0.0,
            1.0
        ]
    ],
    "dist": [
        [
            14.094203742309709
        ],
        [
            -16.87509100662695
        ],
        [
            -0.00019595768169379836
        ],
        [
            -0.0013449876498439627
        ],
        [
            -2.365299594247288
        ],
        [
            14.45231331161133
        ],
        [
            -12.29077364714514
        ],
        [
            -8.53038888677552
        ],
        [
            0.0
        ],
        [
            0.0
        ],
        [
            0.0
        ],
        [
            0.0
        ],
        [
            0.0
        ],
        [
            0.0
        ]
    ],
    "newcam_mtx": [
        [
            786.4449659092886,
            0.0,
            1045.2657613068689
        ],
        [
            0.0,
            768.7849712845112,
            613.9800736712704
        ],
        [
            0.0,
            0.0,
            1.0
        ]
    ]
}