{
    "R": [
        [
            -0.0017267085787584326,
            0.009784216393656541,
            0.9999506425754454
        ],
        [
            -0.006455799476409169,
            0.9999311862434801,
            -0.009795173853865042
        ],
        [
            -0.9999776703159948,
            -0.006472394245497472,
            -0.001663424818383471
        ]
    ],
    "T": [
        [
            -21.477481950367004
        ],
        [
            -0.17989424868313802
        ],
        [
            23.699781120969526
        ]
    ],
    "F": [
        [
            -1.846139333736236e-08,
            1.390841752824001e-06,
            -0.0005952068806500041
        ],
        [
            1.255496522625505e-06,
            -5.7349204533121205e-09,
            -0.002180136056088249
        ],
        [
            -0.0005349425894423843,
            -0.00015516797856366649,
            1.0
        ]
    ],
    "E": [
        [
            0.33289126625317755,
            -23.696985903501915,
            0.23244271693638902
        ],
        [
            -21.5179249803581,
            0.09287305638653062,
            23.662885184298265
        ],
        [
            0.13834369178729622,
            -21.47424387989632,
            0.3902610392134241
        ]
    ],
    "Q": [
        [
            1.0,
            0.0,
            0.0,
            -965.5793380737305
        ],
        [
            0.0,
            1.0,
            0.0,
            -413.7585144042969
        ],
        [
            0.0,
            0.0,
            0.0,
            3310.910092254762
        ],
        [
            0.0,
            0.0,
            0.03126535832934672,
            -0.0
        ]
    ],
    "745_intrinsic_new": [
        [
            786.4449659092886,
            0.0,
            1045.2657613068689
        ],
        [
            0.0,
            768.7849712845112,
            613.9800736712704
        ],
        [
            0.0,
            0.0,
            1.0
        ]
    ],
    "746_intrinsic_new": [
        [
            807.6209645398686,
            0.0,
            1019.5339514847029
        ],
        [
            0.0,
            805.1185376530212,
            630.5259505083983
        ],
        [
            0.0,
            0.0,
            1.0
        ]
    ]
}