{
    "R": [
        [
            -0.0017267138134837165,
            0.009784216496975761,
            0.9999506425653951
        ],
        [
            -0.006455799503689307,
            0.9999311862419595,
            -0.00979517399110893
        ],
        [
            -0.9999776703067796,
            -0.006472394324223406,
            -0.0016634300518119853
        ]
    ],
    "T": [
        [
            -21.47748198752968
        ],
        [
            -0.17989424671186754
        ],
        [
            23.69978115510991
        ]
    ],
    "F": [
        [
            -1.8461393219923937e-08,
            1.3908417491146904e-06,
            -0.0005952068791228766
        ],
        [
            1.255496526734166e-06,
            -5.7349204755977724e-09,
            -0.002180136059890781
        ],
        [
            -0.0005349425912616677,
            -0.0001551679747242171,
            1.0
        ]
    ],
    "E": [
        [
            0.3328912651472301,
            -23.696985937602513,
            0.23244272146163475
        ],
        [
            -21.51792514144282,
            0.09287305723784411,
            23.662885105736088
        ],
        [
            0.1383436916748265,
            -21.47424391702448,
            0.3902610405521109
        ]
    ],
    "Q": [
        [
            1.0,
            0.0,
            0.0,
            -965.5793380737305
        ],
        [
            0.0,
            1.0,
            0.0,
            -413.7585334777832
        ],
        [
            0.0,
            0.0,
            0.0,
            759.8666850825136
        ],
        [
            0.0,
            0.0,
            0.03126535828023489,
            -0.0
        ]
    ],
    "745_projection_mtx": [
        [
            759.8666850825136,
            0.0,
            965.5793380737305,
            0.0
        ],
        [
            0.0,
            759.8666850825136,
            413.7585334777832,
            0.0
        ],
        [
            0.0,
            0.0,
            1.0,
            0.0
        ]
    ],
    "746_projection_mtx": [
        [
            759.8666850825136,
            0.0,
            965.5793380737305,
            -24303.78946154219
        ],
        [
            0.0,
            759.8666850825136,
            413.7585334777832,
            0.0
        ],
        [
            0.0,
            0.0,
            1.0,
            0.0
        ]
    ]
}