{
    "R": [
        [
            0.19060241296990707,
            -0.032187541140447924,
            -0.9811394816056386
        ],
        [
            -0.00029315081634284645,
            0.9994603969708137,
            -0.0328455316526122
        ],
        [
            0.981667272670658,
            0.006548059428246232,
            0.19049012752653685
        ]
    ],
    "T": [
        [
            23.705946707505195
        ],
        [
            0.3602351948272061
        ],
        [
            20.84078173899502
        ]
    ],
    "F": [
        [
            -1.4692591110275975e-08,
            8.681271032490235e-07,
            -0.0005254876226487656
        ],
        [
            8.179758066647059e-07,
            3.573142719549419e-08,
            0.00030614543669832986
        ],
        [
            -0.0004755277147574992,
            -0.0019888723317124254,
            1.0
        ]
    ],
    "E": [
        [
            0.35974059340601605,
            -20.827177148574172,
            0.7531478044755245
        ],
        [
            -19.299048762800965,
            -0.8260414674665801,
            -24.963462603103785
        ],
        [
            -0.07561111500023524,
            23.704749992005834,
            -0.42519345062762853
        ]
    ],
    "Q": [
        [
            1.0,
            0.0,
            0.0,
            -1022.0407381057739
        ],
        [
            0.0,
            1.0,
            0.0,
            -487.17945861816406
        ],
        [
            0.0,
            0.0,
            0.0,
            3934233.9075821172
        ],
        [
            0.0,
            0.0,
            -0.031679218072399214,
            0.0
        ]
    ],
    "745_intrinsic_new": [
        [
            807.6209645398686,
            0.0,
            1019.5339514847029
        ],
        [
            0.0,
            805.1185376530212,
            630.5259505083983
        ],
        [
            0.0,
            0.0,
            1.0
        ]
    ],
    "746_intrinsic_new": [
        [
            786.4449659092886,
            0.0,
            1045.2657613068689
        ],
        [
            0.0,
            768.7849712845112,
            613.9800736712704
        ],
        [
            0.0,
            0.0,
            1.0
        ]
    ]
}